id;name;date;height;weight;age;hours;status;children;sex;class;city;years
1373913;Marisa Martins;05/02/2013;155;48;45;3;married;2;F;cycle;Porto;9
1109818;Rita Fonseca;28/08/2018;166;54;45;3;married;3;F;hydrogymnastics;Matosinhos;3
1158813;Joana Freitas;21/10/2013;150;42;52;3;widow;1;F;zumba;Porto;8
1566515;Joana Goncalves;16/11/2015;161;49;59;2;married;2;F;cycle;Porto;6
1974509;Francisco Fonseca;22/08/2009;162;52;43;2;married;1;M;swimming;Porto;12
1767703;Manuel Martins;25/01/2003;179;85;24;6;single;0;M;swimming;Gondomar;19
1071208;Florbela Freitas;26/09/2008;166;53;28;5;single;0;F;cycle;Maia;13
1930916;Rita Cruz;11/10/2016;168;52;56;3;married;2;F;swimming;Matosinhos;5
1811504;Antonio Pereira;16/02/2004;154;61;51;2;married;1;M;swimming;Porto;18
1235914;Manuel Carvalho;27/08/2014;158;45;38;3;married;2;M;ballet;Gaia;7
1417018;Manuel Marinho;20/06/2018;173;57;40;3;divorced;2;M;swimming;Porto;3
1642316;Joao Freitas;23/10/2016;165;50;54;3;married;2;M;zumba;Porto;5
1170413;Susana Goncalves;03/07/2013;157;65;40;2;married;5;F;hydrogymnastics;Porto;8
1560118;Francisco Freitas;15/07/2018;152;53;41;3;married;2;M;cycle;Porto;3
1410714;Francisco Martins;25/11/2014;153;58;24;7;single;0;M;pilates;Gondomar;7
1436908;Susana Madeira;05/09/2008;160;49;56;2;divorced;2;F;swimming;Maia;13
1294215;Francisco Pinho;25/08/2015;154;58;23;6;single;3;M;swimming;Maia;6
1286112;Joao Madeira;19/08/2012;152;78;29;6;single;1;M;swimming;Gondomar;9
1315817;Manuel Pinho;23/12/2017;179;58;29;5;single;0;M;zumba;Gaia;4
1055806;Catarina Goncalves;21/09/2006;168;53;59;2;widow;3;F;swimming;Valongo;15
1305314;Florbela Marinho;24/04/2014;154;62;36;4;married;1;F;pilates;Matosinhos;7
1953503;Francisco Pereira;04/03/2003;170;79;49;2;married;1;M;swimming;Valongo;18
1204821;Rita Madeira;06/11/2021;151;45;44;2;married;2;F;swimming;Matosinhos;0
1998809;Florbela Goncalves;01/07/2009;169;50;39;4;single;1;F;swimming;Maia;12
1105321;Catarina Freitas;07/10/2021;166;70;40;4;single;0;F;ballet;Gondomar;0
1867513;Antonio Fonseca;06/07/2013;164;53;41;3;married;3;M;zumba;Valongo;8
1967921;Catarina Cruz;13/10/2021;176;61;30;5;single;1;F;cycle;Gaia;0
1068508;Jose Cruz;02/12/2008;177;90;27;6;married;0;M;swimming;Matosinhos;13
1152520;Joao Pinho;29/11/2020;154;66;55;1;single;0;M;yoga;Gaia;1
1373707;Manuel Fonseca;24/09/2007;175;102;40;3;married;1;M;zumba;Gondomar;14
1776804;Pedro Goncalves;03/09/2004;156;46;32;5;single;0;M;pilates;Porto;17
1147413;Joana Pereira;24/03/2013;162;49;34;5;married;2;F;swimming;Porto;8
1466415;Joana Marinho;26/11/2015;164;51;57;1;married;3;F;cycle;Matosinhos;6
1610119;Pedro Madeira;19/05/2019;163;53;28;5;married;4;M;pilates;Gaia;2
1710710;Manuel Cruz;27/11/2010;178;55;44;3;married;2;M;yoga;Matosinhos;11
1564109;Sonia Marinho;11/06/2009;156;46;41;2;married;3;F;hydrogymnastics;Porto;12
1223600;Marisa Cruz;16/10/2000;171;61;42;4;married;2;F;cycle;Matosinhos;21
1705816;Florbela Pereira;08/12/2016;171;58;32;6;married;0;F;swimming;Maia;5
1692512;Francisco Madeira;24/09/2012;154;49;23;8;single;0;M;swimming;Gaia;9
1177213;Catarina Pereira;13/10/2013;175;88;54;1;married;1;F;yoga;Valongo;8
1337319;Sonia Pinho;02/11/2019;177;63;34;5;single;0;F;zumba;Porto;2
1871004;Jose Carvalho;17/09/2004;153;67;26;7;married;1;M;cycle;Gondomar;17
1098118;Manuel Madeira;30/06/2018;165;55;34;4;married;1;M;pilates;Porto;3
1058304;Catarina Carvalho;25/09/2004;150;45;59;2;married;4;F;swimming;Gondomar;17
1653302;Francisco Carvalho;09/05/2002;150;66;23;7;single;0;M;swimming;Porto;19
1320306;Sonia Fonseca;09/12/2006;152;46;37;4;married;1;F;hydrogymnastics;Valongo;15
1200611;Catarina Madeira;24/10/2011;154;63;46;2;single;2;F;pilates;Gaia;10
1758412;Joana Carvalho;08/09/2012;174;59;37;3;married;2;F;cycle;Porto;9
1471416;Sonia Goncalves;05/07/2016;170;52;43;3;married;2;F;pilates;Porto;5
1374905;Sonia Pereira;17/10/2005;178;94;37;3;married;3;F;cycle;Maia;16
1221721;Pedro Cruz;08/11/2021;161;50;43;3;single;1;M;swimming;Porto;0
1359417;Jose Fonseca;28/10/2017;155;68;41;3;married;0;M;hydrogymnastics;Matosinhos;4
1331601;Catarina Marinho;15/01/2001;178;63;43;3;married;2;F;pilates;Porto;21
1065208;Pedro Fonseca;02/09/2008;153;80;49;1;married;2;M;pilates;Gaia;13
1971506;Florbela Cruz;10/08/2006;166;54;47;3;married;3;F;hydrogymnastics;Maia;15
1521112;Susana Marinho;18/08/2012;174;60;35;5;single;0;F;swimming;Matosinhos;9
1856501;Antonio Carvalho;07/02/2001;159;73;24;6;single;0;M;pilates;Porto;21
1150114;Antonio Goncalves;22/11/2014;158;49;34;3;single;0;M;pilates;Gaia;7
1658815;Manuel Freitas;06/11/2015;170;51;57;1;widow;2;M;ballet;Maia;6
1769504;Joao Tavares;08/06/2004;177;85;32;3;married;2;M;swimming;Gaia;17
